<configuration debug="false">
    <include resource="org/springframework/boot/logging/logback/base.xml"/>
    <springProfile name="cloud">
        <!-- the substitution string below looks empty but really contains a linefeed character -->
        <property name="LOG_EXCEPTION_CONVERSION_WORD"
                  value="%replace(%wEx){'\n(?=.+)',' '}%nopex"/>
    </springProfile>

    <!-- the substitution string below looks empty but really contains a linefeed character -->
    <property name="LOG_EXCEPTION_CONVERSION_WORD"
              value="%replace(%wEx){'\n(?=.+)',' '}%nopex"/>

    <springProperty scope="context" name="CONSOLE_LOG_PATTERN" source="logging.pattern.console"/>

    <appender name="CONSOLE" class="ch.qos.logback.core.ConsoleAppender">
        <encoder class="ch.qos.logback.core.encoder.LayoutWrappingEncoder">
            <layout class="com.discover.cmpp.logging.PatternMaskingLayout">
                <maskPattern>dateOfBirth=*</maskPattern>
                <maskPattern>encryptedDateOfBirth=*</maskPattern>
                <maskPattern>ssn=*</maskPattern>
                <maskPattern>ein=*</maskPattern>
                <maskPattern>encryptedSsn=*</maskPattern>
                <maskPattern>accountNumber=*</maskPattern>
                <maskPattern>mothersMaidenName=*</maskPattern>
                <maskPattern>tokenizedDateOfBirth=*</maskPattern>
                <maskPattern>tokenizedSsn=*</maskPattern>
                <maskPattern>tokenizedEin=*</maskPattern>
                <maskPattern>tokenizedAccountNumber=*</maskPattern>
                <maskPattern>tokenizedMothersMaidenName=*</maskPattern>
                <maskPattern>psswd=*</maskPattern>
                <maskPattern>HTTP_AUTH_TOKEN=*</maskPattern>
                <maskPattern>currentUserId=*</maskPattern>
                <maskPattern>currentPsswd=*</maskPattern>
                <maskPattern>newUserId=*</maskPattern>
                <maskPattern>newPsswd=*</maskPattern>
                <maskPattern>jwtToken=*</maskPattern>
                <maskPattern>dobToken=*</maskPattern>
                <pattern>${CONSOLE_LOG_PATTERN}</pattern>
                <Pattern>
                    [%thread]: %d{yyyy-MM-dd HH:mm:ss} %X{traceId:-} %X{spanId:-} %-5level %logger{36} %line - %msg%n
                </Pattern>
            </layout>
        </encoder>
    </appender>

    <logger name="com.discover" level="info" additivity="false">
        <appender-ref ref="CONSOLE"/>
    </logger>

</configuration>
